{
  "project_info": {
    "project_number": "774560350245",
    "project_id": "newapp-81e51",
    "storage_bucket": "newapp-81e51.appspot.com"
  },
  "client": [
    {
      "client_info": {
        "mobilesdk_app_id": "1:774560350245:android:6b965f4237c84db3ae7fcc",
        "android_client_info": {
          "package_name": "com.ebroker.wrteam"
        }
      },
      "oauth_client": [
        {
          "client_id": "774560350245-4ob17vd92mnqqoofrtrpthsir07n06u8.apps.googleusercontent.com",
          "client_type": 3
        }
      ],
      "api_key": [
        {
          "current_key": "AIzaSyAo-1YZIT9mfJvErz995Nb1vKqgX-o-PB4"
        }
      ],
      "services": {
        "appinvite_service": {
          "other_platform_oauth_client": [
            {
              "client_id": "774560350245-4ob17vd92mnqqoofrtrpthsir07n06u8.apps.googleusercontent.com",
              "client_type": 3
            }
          ]
        }
      }
    }
  ],
  "configuration_version": "1"
}