{
    "nm": "loading",
    "mn": "",
    "layers": [
      {
        "ty": 4,
        "nm": "Layer 5 Outlines",
        "mn": "",
        "sr": 1,
        "st": 0,
        "op": 50,
        "ip": 0,
        "hd": false,
        "cl": "",
        "ln": "",
        "ddd": 0,
        "bm": 0,
        "tt": 0,
        "hasMask": false,
        "td": 0,
        "ao": 0,
        "ks": {
          "a": {
            "a": 0,
            "k": [
              39.639,
              39.363,
              0
            ],
            "ix": 1
          },
          "s": {
            "a": 0,
            "k": [
              100,
              100,
              100
            ],
            "ix": 6
          },
          "sk": {
            "a": 0,
            "k": 0
          },
          "p": {
            "a": 1,
            "k": [
              {
                "o": {
                  "x": 0.167,
                  "y": 0.167
                },
                "i": {
                  "x": 0.833,
                  "y": 0.833
                },
                "s": [
                  273.692,
                  264.004,
                  0
                ],
                "t": 0
              },
              {
                "o": {
                  "x": 0.167,
                  "y": 0.167
                },
                "i": {
                  "x": 0.833,
                  "y": 0.833
                },
                "s": [
                  249.692,
                  238.504,
                  0
                ],
                "t": 10
              },
              {
                "o": {
                  "x": 0.167,
                  "y": 0.167
                },
                "i": {
                  "x": 0.833,
                  "y": 0.833
                },
                "s": [
                  102.152,
                  237.514,
                  0
                ],
                "t": 20
              },
              {
                "o": {
                  "x": 0.167,
                  "y": 0.167
                },
                "i": {
                  "x": 0.833,
                  "y": 0.833
                },
                "s": [
                  75.986,
                  264.652,
                  0
                ],
                "t": 35
              }
            ],
            "ix": 2
          },
          "sa": {
            "a": 0,
            "k": 0
          },
          "o": {
            "a": 0,
            "k": 100,
            "ix": 11
          },
          "r": {
            "a": 1,
            "k": [
              {
                "o": {
                  "x": 0.167,
                  "y": 0.167
                },
                "i": {
                  "x": 0.833,
                  "y": 0.833
                },
                "s": [
                  0
                ],
                "t": 10
              },
              {
                "o": {
                  "x": 0.167,
                  "y": 0.167
                },
                "i": {
                  "x": 0.833,
                  "y": 0.833
                },
                "s": [
                  90
                ],
                "t": 20
              }
            ],
            "ix": 10
          }
        },
        "ef": [],
        "shapes": [
          {
            "ty": "gr",
            "bm": 0,
            "cl": "",
            "ln": "",
            "hd": false,
            "mn": "ADBE Vector Group",
            "nm": "Group 1",
            "ix": 1,
            "cix": 2,
            "np": 2,
            "it": [
              {
                "ty": "sh",
                "bm": 0,
                "cl": "",
                "ln": "",
                "hd": false,
                "mn": "ADBE Vector Shape - Group",
                "nm": "Path 1",
                "ix": 1,
                "d": 1,
                "ks": {
                  "a": 0,
                  "k": {
                    "c": true,
                    "i": [
                      [
                        -0.002,
                        8.87
                      ],
                      [
                        0.307,
                        9.885
                      ],
                      [
                        -7.001,
                        -0.101
                      ],
                      [
                        -20.127,
                        0.246
                      ],
                      [
                        -0.027,
                        -5.58
                      ],
                      [
                        0.213,
                        -19.786
                      ],
                      [
                        7.326,
                        0.11
                      ],
                      [
                        18.424,
                        -0.127
                      ],
                      [
                        -0.751,
                        8.993
                      ]
                    ],
                    "o": [
                      [
                        0.001,
                        -9.896
                      ],
                      [
                        -0.195,
                        -6.285
                      ],
                      [
                        20.126,
                        0.289
                      ],
                      [
                        6.265,
                        -0.078
                      ],
                      [
                        0.095,
                        19.788
                      ],
                      [
                        -0.074,
                        6.933
                      ],
                      [
                        -18.42,
                        -0.276
                      ],
                      [
                        -8.522,
                        0.057
                      ],
                      [
                        0.736,
                        -8.81
                      ]
                    ],
                    "v": [
                      [
                        -38.476,
                        0.024
                      ],
                      [
                        -38.556,
                        -29.658
                      ],
                      [
                        -29.966,
                        -39.012
                      ],
                      [
                        30.422,
                        -39.001
                      ],
                      [
                        39.284,
                        -30.48
                      ],
                      [
                        39.176,
                        28.883
                      ],
                      [
                        28.115,
                        39.003
                      ],
                      [
                        -27.157,
                        38.947
                      ],
                      [
                        -38.638,
                        26.624
                      ]
                    ]
                  },
                  "ix": 2
                }
              },
              {
                "ty": "fl",
                "bm": 0,
                "cl": "",
                "ln": "",
                "hd": false,
                "mn": "ADBE Vector Graphic - Fill",
                "nm": "Fill 1",
                "c": {
                  "a": 0,
                  "k": [
                    0.0314,
                    0.4863,
                    0.4863
                  ],
                  "ix": 4
                },
                "r": 1,
                "o": {
                  "a": 0,
                  "k": 100,
                  "ix": 5
                }
              },
              {
                "ty": "tr",
                "a": {
                  "a": 0,
                  "k": [
                    0,
                    0
                  ],
                  "ix": 1
                },
                "s": {
                  "a": 0,
                  "k": [
                    100,
                    100
                  ],
                  "ix": 3
                },
                "sk": {
                  "a": 0,
                  "k": 0,
                  "ix": 4
                },
                "p": {
                  "a": 0,
                  "k": [
                    39.639,
                    39.363
                  ],
                  "ix": 2
                },
                "r": {
                  "a": 0,
                  "k": 0,
                  "ix": 6
                },
                "sa": {
                  "a": 0,
                  "k": 0,
                  "ix": 5
                },
                "o": {
                  "a": 0,
                  "k": 100,
                  "ix": 7
                }
              }
            ]
          }
        ],
        "ind": 0
      },
      {
        "ty": 4,
        "nm": "cube 2 Outlines",
        "mn": "",
        "sr": 1,
        "st": 0,
        "op": 50,
        "ip": 0,
        "hd": false,
        "cl": "",
        "ln": "",
        "ddd": 0,
        "bm": 0,
        "tt": 0,
        "hasMask": false,
        "td": 0,
        "ao": 0,
        "ks": {
          "a": {
            "a": 0,
            "k": [
              39.628,
              39.611,
              0
            ],
            "ix": 1
          },
          "s": {
            "a": 0,
            "k": [
              100,
              100,
              100
            ],
            "ix": 6
          },
          "sk": {
            "a": 0,
            "k": 0
          },
          "p": {
            "a": 1,
            "k": [
              {
                "o": {
                  "x": 0.167,
                  "y": 0.167
                },
                "i": {
                  "x": 0.833,
                  "y": 0.833
                },
                "s": [
                  76.311,
                  265.093,
                  0
                ],
                "t": 0
              },
              {
                "o": {
                  "x": 0.167,
                  "y": 0.167
                },
                "i": {
                  "x": 0.833,
                  "y": 0.833
                },
                "s": [
                  103.061,
                  237.593,
                  0
                ],
                "t": 10
              },
              {
                "o": {
                  "x": 0.167,
                  "y": 0.167
                },
                "i": {
                  "x": 0.833,
                  "y": 0.833
                },
                "s": [
                  102.601,
                  90.397,
                  0
                ],
                "t": 20
              },
              {
                "o": {
                  "x": 0.167,
                  "y": 0.167
                },
                "i": {
                  "x": 0.833,
                  "y": 0.833
                },
                "s": [
                  76.101,
                  65.093,
                  0
                ],
                "t": 35
              }
            ],
            "ix": 2
          },
          "sa": {
            "a": 0,
            "k": 0
          },
          "o": {
            "a": 0,
            "k": 100,
            "ix": 11
          },
          "r": {
            "a": 1,
            "k": [
              {
                "o": {
                  "x": 0.167,
                  "y": 0.167
                },
                "i": {
                  "x": 0.833,
                  "y": 0.833
                },
                "s": [
                  0
                ],
                "t": 10
              },
              {
                "o": {
                  "x": 0.167,
                  "y": 0.167
                },
                "i": {
                  "x": 0.833,
                  "y": 0.833
                },
                "s": [
                  90
                ],
                "t": 20
              }
            ],
            "ix": 10
          }
        },
        "ef": [],
        "shapes": [
          {
            "ty": "gr",
            "bm": 0,
            "cl": "",
            "ln": "",
            "hd": false,
            "mn": "ADBE Vector Group",
            "nm": "Group 1",
            "ix": 1,
            "cix": 2,
            "np": 2,
            "it": [
              {
                "ty": "sh",
                "bm": 0,
                "cl": "",
                "ln": "",
                "hd": false,
                "mn": "ADBE Vector Shape - Group",
                "nm": "Path 1",
                "ix": 1,
                "d": 1,
                "ks": {
                  "a": 0,
                  "k": {
                    "c": true,
                    "i": [
                      [
                        -0.001,
                        -9.556
                      ],
                      [
                        -0.41,
                        -9.879
                      ],
                      [
                        6.697,
                        -0.013
                      ],
                      [
                        18.429,
                        0.122
                      ],
                      [
                        -0.298,
                        9.885
                      ],
                      [
                        0.053,
                        17.064
                      ],
                      [
                        -10.503,
                        -0.497
                      ],
                      [
                        -18.425,
                        0.287
                      ],
                      [
                        0.288,
                        -7.214
                      ]
                    ],
                    "o": [
                      [
                        0.001,
                        9.897
                      ],
                      [
                        0.294,
                        7.073
                      ],
                      [
                        -18.43,
                        0.035
                      ],
                      [
                        -8.916,
                        -0.058
                      ],
                      [
                        0.515,
                        -17.049
                      ],
                      [
                        -0.027,
                        -8.788
                      ],
                      [
                        18.388,
                        0.87
                      ],
                      [
                        6.954,
                        -0.107
                      ],
                      [
                        -0.381,
                        9.541
                      ]
                    ],
                    "v": [
                      [
                        38.98,
                        -0.574
                      ],
                      [
                        39.083,
                        29.113
                      ],
                      [
                        29.581,
                        39.262
                      ],
                      [
                        -25.707,
                        39.24
                      ],
                      [
                        -39.079,
                        25.488
                      ],
                      [
                        -38.949,
                        -25.701
                      ],
                      [
                        -25.917,
                        -38.865
                      ],
                      [
                        29.359,
                        -38.717
                      ],
                      [
                        39.072,
                        -29.238
                      ]
                    ]
                  },
                  "ix": 2
                }
              },
              {
                "ty": "fl",
                "bm": 0,
                "cl": "",
                "ln": "",
                "hd": false,
                "mn": "ADBE Vector Graphic - Fill",
                "nm": "Fill 1",
                "c": {
                  "a": 0,
                  "k": [
                    0.8078,
                    0.8588,
                    0.8588
                  ],
                  "ix": 4
                },
                "r": 1,
                "o": {
                  "a": 0,
                  "k": 100,
                  "ix": 5
                }
              },
              {
                "ty": "tr",
                "a": {
                  "a": 0,
                  "k": [
                    0,
                    0
                  ],
                  "ix": 1
                },
                "s": {
                  "a": 0,
                  "k": [
                    100,
                    100
                  ],
                  "ix": 3
                },
                "sk": {
                  "a": 0,
                  "k": 0,
                  "ix": 4
                },
                "p": {
                  "a": 0,
                  "k": [
                    39.627,
                    39.611
                  ],
                  "ix": 2
                },
                "r": {
                  "a": 0,
                  "k": 0,
                  "ix": 6
                },
                "sa": {
                  "a": 0,
                  "k": 0,
                  "ix": 5
                },
                "o": {
                  "a": 0,
                  "k": 100,
                  "ix": 7
                }
              }
            ]
          }
        ],
        "ind": 1
      },
      {
        "ty": 4,
        "nm": "cube 3 Outlines",
        "mn": "",
        "sr": 1,
        "st": 0,
        "op": 50,
        "ip": 0,
        "hd": false,
        "cl": "",
        "ln": "",
        "ddd": 0,
        "bm": 0,
        "tt": 0,
        "hasMask": false,
        "td": 0,
        "ao": 0,
        "ks": {
          "a": {
            "a": 0,
            "k": [
              39.465,
              39.399,
              0
            ],
            "ix": 1
          },
          "s": {
            "a": 0,
            "k": [
              100,
              100,
              100
            ],
            "ix": 6
          },
          "sk": {
            "a": 0,
            "k": 0
          },
          "p": {
            "a": 1,
            "k": [
              {
                "o": {
                  "x": 0.167,
                  "y": 0.167
                },
                "i": {
                  "x": 0.833,
                  "y": 0.833
                },
                "s": [
                  275.125,
                  64.031,
                  0
                ],
                "t": 0
              },
              {
                "o": {
                  "x": 0.167,
                  "y": 0.167
                },
                "i": {
                  "x": 0.833,
                  "y": 0.833
                },
                "s": [
                  249.625,
                  91.031,
                  0
                ],
                "t": 10
              },
              {
                "o": {
                  "x": 0.167,
                  "y": 0.167
                },
                "i": {
                  "x": 0.833,
                  "y": 0.833
                },
                "s": [
                  249.625,
                  237.553,
                  0
                ],
                "t": 20
              },
              {
                "o": {
                  "x": 0.167,
                  "y": 0.167
                },
                "i": {
                  "x": 0.833,
                  "y": 0.833
                },
                "s": [
                  274.969,
                  265.125,
                  0
                ],
                "t": 35
              }
            ],
            "ix": 2
          },
          "sa": {
            "a": 0,
            "k": 0
          },
          "o": {
            "a": 0,
            "k": 100,
            "ix": 11
          },
          "r": {
            "a": 1,
            "k": [
              {
                "o": {
                  "x": 0.167,
                  "y": 0.167
                },
                "i": {
                  "x": 0.833,
                  "y": 0.833
                },
                "s": [
                  0
                ],
                "t": 10
              },
              {
                "o": {
                  "x": 0.167,
                  "y": 0.167
                },
                "i": {
                  "x": 0.833,
                  "y": 0.833
                },
                "s": [
                  90
                ],
                "t": 20
              }
            ],
            "ix": 10
          }
        },
        "ef": [],
        "shapes": [
          {
            "ty": "gr",
            "bm": 0,
            "cl": "",
            "ln": "",
            "hd": false,
            "mn": "ADBE Vector Group",
            "nm": "Group 1",
            "ix": 1,
            "cix": 2,
            "np": 2,
            "it": [
              {
                "ty": "sh",
                "bm": 0,
                "cl": "",
                "ln": "",
                "hd": false,
                "mn": "ADBE Vector Shape - Group",
                "nm": "Path 1",
                "ix": 1,
                "d": 1,
                "ks": {
                  "a": 0,
                  "k": {
                    "c": true,
                    "i": [
                      [
                        8.873,
                        0.002
                      ],
                      [
                        9.548,
                        -0.285
                      ],
                      [
                        -0.078,
                        6.772
                      ],
                      [
                        0.279,
                        19.791
                      ],
                      [
                        -6.186,
                        0.033
                      ],
                      [
                        -19.107,
                        -0.282
                      ],
                      [
                        0.206,
                        -8.717
                      ],
                      [
                        0.169,
                        -17.063
                      ],
                      [
                        12.029,
                        -0.025
                      ]
                    ],
                    "o": [
                      [
                        -9.557,
                        -0.003
                      ],
                      [
                        -6.413,
                        0.192
                      ],
                      [
                        0.227,
                        -19.792
                      ],
                      [
                        -0.093,
                        -6.557
                      ],
                      [
                        19.111,
                        -0.103
                      ],
                      [
                        8.092,
                        0.12
                      ],
                      [
                        -0.403,
                        17.055
                      ],
                      [
                        -0.124,
                        12.438
                      ],
                      [
                        -8.873,
                        0.019
                      ]
                    ],
                    "v": [
                      [
                        -1.143,
                        38.887
                      ],
                      [
                        -29.809,
                        38.958
                      ],
                      [
                        -39.1,
                        30.12
                      ],
                      [
                        -39.122,
                        -29.26
                      ],
                      [
                        -30.236,
                        -38.949
                      ],
                      [
                        27.097,
                        -38.867
                      ],
                      [
                        39.01,
                        -25.832
                      ],
                      [
                        38.85,
                        25.357
                      ],
                      [
                        25.476,
                        38.886
                      ]
                    ]
                  },
                  "ix": 2
                }
              },
              {
                "ty": "fl",
                "bm": 0,
                "cl": "",
                "ln": "",
                "hd": false,
                "mn": "ADBE Vector Graphic - Fill",
                "nm": "Fill 1",
                "c": {
                  "a": 0,
                  "k": [
                    0.7843,
                    0.8392,
                    0.8392
                  ],
                  "ix": 4
                },
                "r": 1,
                "o": {
                  "a": 0,
                  "k": 100,
                  "ix": 5
                }
              },
              {
                "ty": "tr",
                "a": {
                  "a": 0,
                  "k": [
                    0,
                    0
                  ],
                  "ix": 1
                },
                "s": {
                  "a": 0,
                  "k": [
                    100,
                    100
                  ],
                  "ix": 3
                },
                "sk": {
                  "a": 0,
                  "k": 0,
                  "ix": 4
                },
                "p": {
                  "a": 0,
                  "k": [
                    39.465,
                    39.4
                  ],
                  "ix": 2
                },
                "r": {
                  "a": 0,
                  "k": 0,
                  "ix": 6
                },
                "sa": {
                  "a": 0,
                  "k": 0,
                  "ix": 5
                },
                "o": {
                  "a": 0,
                  "k": 100,
                  "ix": 7
                }
              }
            ]
          }
        ],
        "ind": 2
      },
      {
        "ty": 4,
        "nm": "cube 4 Outlines",
        "mn": "",
        "sr": 1,
        "st": 0,
        "op": 50,
        "ip": 0,
        "hd": false,
        "cl": "",
        "ln": "",
        "ddd": 0,
        "bm": 0,
        "tt": 0,
        "hasMask": false,
        "td": 0,
        "ao": 0,
        "ks": {
          "a": {
            "a": 0,
            "k": [
              39.634,
              39.346,
              0
            ],
            "ix": 1
          },
          "s": {
            "a": 0,
            "k": [
              100,
              100,
              100
            ],
            "ix": 6
          },
          "sk": {
            "a": 0,
            "k": 0
          },
          "p": {
            "a": 1,
            "k": [
              {
                "o": {
                  "x": 0.167,
                  "y": 0.167
                },
                "i": {
                  "x": 0.833,
                  "y": 0.833
                },
                "s": [
                  76.267,
                  63.981,
                  0
                ],
                "t": 0
              },
              {
                "o": {
                  "x": 0.167,
                  "y": 0.167
                },
                "i": {
                  "x": 0.833,
                  "y": 0.833
                },
                "s": [
                  99.767,
                  91.006,
                  0
                ],
                "t": 10
              },
              {
                "o": {
                  "x": 0.167,
                  "y": 0.167
                },
                "i": {
                  "x": 0.833,
                  "y": 0.833
                },
                "s": [
                  249.396,
                  91.006,
                  0
                ],
                "t": 20
              },
              {
                "o": {
                  "x": 0.167,
                  "y": 0.167
                },
                "i": {
                  "x": 0.833,
                  "y": 0.833
                },
                "s": [
                  274.89,
                  65.082,
                  0
                ],
                "t": 35
              }
            ],
            "ix": 2
          },
          "sa": {
            "a": 0,
            "k": 0
          },
          "o": {
            "a": 0,
            "k": 100,
            "ix": 11
          },
          "r": {
            "a": 1,
            "k": [
              {
                "o": {
                  "x": 0.167,
                  "y": 0.167
                },
                "i": {
                  "x": 0.833,
                  "y": 0.833
                },
                "s": [
                  0
                ],
                "t": 10
              },
              {
                "o": {
                  "x": 0.167,
                  "y": 0.167
                },
                "i": {
                  "x": 0.833,
                  "y": 0.833
                },
                "s": [
                  90
                ],
                "t": 20
              }
            ],
            "ix": 10
          }
        },
        "ef": [],
        "shapes": [
          {
            "ty": "gr",
            "bm": 0,
            "cl": "",
            "ln": "",
            "hd": false,
            "mn": "ADBE Vector Group",
            "nm": "Group 1",
            "ix": 1,
            "cix": 2,
            "np": 2,
            "it": [
              {
                "ty": "sh",
                "bm": 0,
                "cl": "",
                "ln": "",
                "hd": false,
                "mn": "ADBE Vector Shape - Group",
                "nm": "Path 1",
                "ix": 1,
                "d": 1,
                "ks": {
                  "a": 0,
                  "k": {
                    "c": true,
                    "i": [
                      [
                        0.003,
                        -9.212
                      ],
                      [
                        -0.288,
                        -9.886
                      ],
                      [
                        6.112,
                        0.064
                      ],
                      [
                        20.127,
                        -0.256
                      ],
                      [
                        0.031,
                        5.612
                      ],
                      [
                        -0.209,
                        19.786
                      ],
                      [
                        -7.384,
                        -0.112
                      ],
                      [
                        -18.423,
                        0.131
                      ],
                      [
                        0.741,
                        -9.077
                      ]
                    ],
                    "o": [
                      [
                        -0.003,
                        9.895
                      ],
                      [
                        0.181,
                        6.219
                      ],
                      [
                        -20.127,
                        -0.208
                      ],
                      [
                        -6.228,
                        0.079
                      ],
                      [
                        -0.108,
                        -19.788
                      ],
                      [
                        0.072,
                        -6.877
                      ],
                      [
                        18.42,
                        0.278
                      ],
                      [
                        8.459,
                        -0.06
                      ],
                      [
                        -0.747,
                        9.151
                      ]
                    ],
                    "v": [
                      [
                        38.477,
                        0.925
                      ],
                      [
                        38.551,
                        30.607
                      ],
                      [
                        30.062,
                        38.999
                      ],
                      [
                        -30.327,
                        39.018
                      ],
                      [
                        -39.268,
                        30.579
                      ],
                      [
                        -39.176,
                        -28.784
                      ],
                      [
                        -28.195,
                        -38.984
                      ],
                      [
                        27.076,
                        -38.931
                      ],
                      [
                        38.644,
                        -26.697
                      ]
                    ]
                  },
                  "ix": 2
                }
              },
              {
                "ty": "fl",
                "bm": 0,
                "cl": "",
                "ln": "",
                "hd": false,
                "mn": "ADBE Vector Graphic - Fill",
                "nm": "Fill 1",
                "c": {
                  "a": 0,
                  "k": [
                    0.3255,
                    0.7647,
                    0.7647
                  ],
                  "ix": 4
                },
                "r": 1,
                "o": {
                  "a": 0,
                  "k": 100,
                  "ix": 5
                }
              },
              {
                "ty": "tr",
                "a": {
                  "a": 0,
                  "k": [
                    0,
                    0
                  ],
                  "ix": 1
                },
                "s": {
                  "a": 0,
                  "k": [
                    100,
                    100
                  ],
                  "ix": 3
                },
                "sk": {
                  "a": 0,
                  "k": 0,
                  "ix": 4
                },
                "p": {
                  "a": 0,
                  "k": [
                    39.895,
                    39.223
                  ],
                  "ix": 2
                },
                "r": {
                  "a": 0,
                  "k": 0,
                  "ix": 6
                },
                "sa": {
                  "a": 0,
                  "k": 0,
                  "ix": 5
                },
                "o": {
                  "a": 0,
                  "k": 100,
                  "ix": 7
                }
              }
            ]
          }
        ],
        "ind": 3
      }
   
    ],
    "ddd": 0,
    "h": 328,
    "w": 352,
    "meta": {
      "a": "",
      "k": "",
      "d": "",
      "g": "@lottiefiles/toolkit-js 0.21.1",
      "tc": ""
    },
    "v": "5.5.8",
    "fr": 60,
    "op": 50,
    "ip": 0,
    "assets": []
  }